"0",""
"0","# knitr::opts_chunk$set(echo = TRUE, warning = FALSE, message = FALSE)"
"0","#   "
"0","library(wordcloud2)"
"0","library(htmlwidgets)"
"0","library(knitr)"
"0","library(forcats)"
"0","library(dplyr)"
"0","library(ggtext)"
"0","library(VennDiagram)"
"0","library(grid)"
"0","library(gridExtra)"
"0","library(png)"
"0","library(ggparliament)"
"0","library(patchwork)"
"0","library(GGally)"
"0","library(rpart)"
"0","library(tidymodels)"
"0","library(dplyr)"
"0","library(stringr)"
"0","library(reshape2)"
"0","library(plotly)"
"0","library(treemapify)"
"0",""
"0","password_data <- read.csv(""../data/passwords.csv"")"
"0",""
