{"chunk_definitions":[{"row":34,"row_count":1,"visible":true,"expansion_state":0,"options":{"engine":"r","label":"setup","include":false,"warning":false,"message":false,"echo":false,"dev":"png"},"document_id":"1FEB14A3","chunk_id":"csetup_chunk","chunk_label":"setup"},{"row":497,"row_count":1,"visible":true,"expansion_state":0,"options":{"engine":"r","label":"unnamed-chunk-210","dev":"png"},"document_id":"1FEB14A3","chunk_id":"c72j7qg01nqj6","chunk_label":"unnamed-chunk-7"}],"doc_write_time":1712739168,"working_dir":null,"default_chunk_options":{}}