"0","library(ggplot2)"
"0",""
"0","d<-data.frame("
"0","  pw = c(""haha\nhahaha"", ""haha\nhahah0"", ""a7q2y9ir0""),"
"0","  composition = c(""letters"", ""alphanumeric"", ""alphanumeric""),"
"0","  length = c(10, 10, 9),"
"0","  time = c(3.4882596, 84.56679, 57.172493)"
"0",")"
"0",""
"0","# d <- read.table(text='pw,composition,length,time"
"0","# h\na\nh\na\nh\na\nh\na\nh\na,letters,10,3.4882596"
"0","# hahahahah0,alphanumeric,10,84.56679"
"0","# a7q2y9ir0,alphanumeric,9,57.172493', header=TRUE, sep = "","")"
"0",""
"0","# 使用ggplot2绘制热力图，并在每个格子上显示'pw'列的文字"
"0","p <- ggplot(d, aes(x = composition, y = as.factor(length), fill = time)) +"
"0","  geom_tile() +"
"0","  scale_fill_gradient(low = ""yellow"", high = ""red"")+"
"0","  labs(fill = ""lg10\nCrack\nSec\n\n\n"") +"
"0","  geom_text(aes(label = pw), vjust = 0.5, hjust = 0.5)+"
"0","    theme("
"0","    axis.title.x = element_blank(),"
"0","    axis.title.y = element_blank()"
"0","  ) "
"0",""
"0","plot_gg(p)"
"0",""
